{"cameraMode":{"drawMode":0,"name":"Shaded","section":"Shading Mode"},"sceneLighting":false,"audioPlay":false,"sceneViewState":{"showFog":true,"showMaterialUpdate":false,"showSkybox":false,"showFlares":true,"showImageEffects":true,"showParticleSystems":true},"in2DMode":false,"pivot":{"x":601.9347534179688,"y":995.2938842773438,"z":-7.6544647216796879},"rotation":{"x":-0.011689506471157074,"y":0.010809400118887425,"z":0.00012433882511686534,"w":0.9998789429664612},"size":155.11224365234376,"orthographic":false}