{"cameraMode":{"drawMode":0,"name":"Shaded","section":"Shading Mode"},"sceneLighting":false,"audioPlay":false,"sceneViewState":{"showFog":true,"showMaterialUpdate":false,"showSkybox":false,"showFlares":true,"showImageEffects":true,"showParticleSystems":true},"in2DMode":false,"pivot":{"x":590.6163330078125,"y":352.603515625,"z":-110.79452514648438},"rotation":{"x":-0.11344649642705918,"y":0.0003084767668042332,"z":0.00003322543125250377,"w":0.9935510754585266},"size":632.6959228515625,"orthographic":false}