{"cameraMode":{"drawMode":0,"name":"Shaded","section":"Shading Mode"},"sceneLighting":false,"audioPlay":false,"sceneViewState":{"showFog":true,"showMaterialUpdate":false,"showSkybox":false,"showFlares":true,"showImageEffects":true,"showParticleSystems":true},"in2DMode":false,"pivot":{"x":716.1651611328125,"y":888.3885498046875,"z":11.310836791992188},"rotation":{"x":0.05128716304898262,"y":0.0033055769745260479,"z":-0.00017253425903618336,"w":0.9986830949783325},"size":187.3267059326172,"orthographic":false}