{"cameraMode":{"drawMode":0,"name":"Shaded","section":"Shading Mode"},"sceneLighting":false,"audioPlay":false,"sceneViewState":{"showFog":true,"showMaterialUpdate":false,"showSkybox":false,"showFlares":true,"showImageEffects":true,"showParticleSystems":true},"in2DMode":false,"pivot":{"x":774.8294677734375,"y":653.1102905273438,"z":26.78436279296875},"rotation":{"x":-0.03118135966360569,"y":-0.01618119701743126,"z":-0.0005070584593340755,"w":0.9993882179260254},"size":497.1488342285156,"orthographic":false}