{"cameraMode":{"drawMode":0,"name":"Shaded","section":"Shading Mode"},"sceneLighting":false,"audioPlay":false,"sceneViewState":{"showFog":true,"showMaterialUpdate":false,"showSkybox":false,"showFlares":true,"showImageEffects":true,"showParticleSystems":true},"in2DMode":false,"pivot":{"x":-16.9498291015625,"y":-20.115907669067384,"z":-119.2900390625},"rotation":{"x":0.00030947296181693673,"y":-0.028185760602355005,"z":0.000008714838259038515,"w":0.9996024966239929},"size":10.0,"orthographic":false}